<?xml version="1.0" encoding="UTF-8"?>
<project-private xmlns="http://www.netbeans.org/ns/project-private/1">
    <editor-bookmarks xmlns="http://www.netbeans.org/ns/editor-bookmarks/2" lastBookmarkId="0"/>
    <open-files xmlns="http://www.netbeans.org/ns/projectui-open-files/2">
        <group>
            <file>file:/C:/SEM%204/Prak%20Pbo/projek_akhir%20(2)/projek_akhir/src/model/datadistributor.java</file>
            <file>file:/C:/SEM%204/Prak%20Pbo/projek_akhir%20(2)/projek_akhir/src/view/Login.java</file>
            <file>file:/C:/SEM%204/Prak%20Pbo/projek_akhir%20(2)/projek_akhir/src/controller/datapelangganController.java</file>
            <file>file:/C:/SEM%204/Prak%20Pbo/projek_akhir%20(2)/projek_akhir/src/model/databuku.java</file>
            <file>file:/C:/SEM%204/Prak%20Pbo/projek_akhir%20(2)/projek_akhir/src/DAOdata/databukuDAO.java</file>
            <file>file:/C:/SEM%204/Prak%20Pbo/projek_akhir%20(2)/projek_akhir/src/view/InputDistributor.java</file>
            <file>file:/C:/SEM%204/Prak%20Pbo/projek_akhir%20(2)/projek_akhir/src/view/InputBuku.java</file>
            <file>file:/C:/SEM%204/Prak%20Pbo/projek_akhir%20(2)/projek_akhir/src/model/modeltabeldatapelanggan.java</file>
            <file>file:/C:/SEM%204/Prak%20Pbo/projek_akhir%20(2)/projek_akhir/src/DAOdata/userDAO.java</file>
            <file>file:/C:/SEM%204/Prak%20Pbo/projek_akhir%20(2)/projek_akhir/src/view/Projek_akhir.java</file>
            <file>file:/C:/SEM%204/Prak%20Pbo/projek_akhir%20(2)/projek_akhir/src/controller/databukuController.java</file>
            <file>file:/C:/SEM%204/Prak%20Pbo/projek_akhir%20(2)/projek_akhir/src/controller/loginController.java</file>
            <file>file:/C:/SEM%204/Prak%20Pbo/projek_akhir%20(2)/projek_akhir/src/view/MainMenu.java</file>
            <file>file:/C:/SEM%204/Prak%20Pbo/projek_akhir%20(2)/projek_akhir/src/DAOImplement/dataImplementDistributor.java</file>
            <file>file:/C:/SEM%204/Prak%20Pbo/projek_akhir%20(2)/projek_akhir/src/model/datapelanggan.java</file>
            <file>file:/C:/SEM%204/Prak%20Pbo/projek_akhir%20(2)/projek_akhir/src/view/InputPelanggan.java</file>
            <file>file:/C:/SEM%204/Prak%20Pbo/projek_akhir%20(2)/projek_akhir/src/DAOImplement/dataImplementBuku.java</file>
            <file>file:/C:/SEM%204/Prak%20Pbo/projek_akhir%20(2)/projek_akhir/src/model/modeltabeldatadistributor.java</file>
            <file>file:/C:/SEM%204/Prak%20Pbo/projek_akhir%20(2)/projek_akhir/src/koneksi/connector.java</file>
            <file>file:/C:/SEM%204/Prak%20Pbo/projek_akhir%20(2)/projek_akhir/src/DAOdata/datapelangganDAO.java</file>
            <file>file:/C:/SEM%204/Prak%20Pbo/projek_akhir%20(2)/projek_akhir/src/model/modeltabeldatabuku.java</file>
            <file>file:/C:/SEM%204/Prak%20Pbo/projek_akhir%20(2)/projek_akhir/src/controller/datadistributorController.java</file>
            <file>file:/C:/SEM%204/Prak%20Pbo/projek_akhir%20(2)/projek_akhir/src/DAOImplement/dataImplementPelanggan.java</file>
            <file>file:/C:/SEM%204/Prak%20Pbo/projek_akhir%20(2)/projek_akhir/src/DAOdata/datadistributorDAO.java</file>
        </group>
    </open-files>
</project-private>
